,isbn,name,author,publisher,date,cover,place
0,9789866745034,時間箭,馬丁.艾米斯(Martin Amis)作; 何致和譯,寶瓶文化,96/08,https://encrypted-tbn0.gstatic.com/images?q=tbn:ANd9GcR6RGMzhr7TY1JAFXfNW8piYIj8OIbPjMEqLw&s,大書櫃上
1,9789579542999,沙丘= Dune,"法蘭克.赫伯特(Frank Herbert)著; 顧備, 聞若婷譯",大家,110/09,https://encrypted-tbn0.gstatic.com/images?q=tbn:ANd9GcQWoCzSlggqadqhScxdFg0C5Zy8Jc5U6Brnew&s,西洋套書
2,9789865562144,沙丘: 神帝= God emperor of dune,法蘭克.赫伯特(Frank Herbert)著; 劉未央譯,大家,110/09,https://www.wunanbooks.com.tw/NewPhoto/978/986/556/214/4/B_9789865562144.jpg,西洋套書
3,9789865562137,沙丘: 異端= Heretics of dune,"法蘭克.赫伯特(Frank Herbert)著; 魏晉, 聞若婷譯",大家,110/09,https://cdnec.sanmin.com.tw/product_images/986/986556213.jpg,西洋套書
4,9789865562205,沙丘: 聖殿= Chapterhouse: dune,"法蘭克.赫伯特(Frank Herbert)著; 張建光, 甄春雨譯",大家,110/09,https://encrypted-tbn0.gstatic.com/images?q=tbn:ANd9GcTCL8MdmExjcHds0Ku_ZxItpXCRNFsNd2Unpw&s,西洋套書
5,9789863840053,極限. 上,法蘭克.薛慶(Frank Schatzing)作; 闕旭玲譯,野人文化,103/12,https://encrypted-tbn0.gstatic.com/images?q=tbn:ANd9GcQ15sRxQUFbz9L17lCZPejnsPqm2hKpNByGNQ&s,西洋套書
6,9789863840121,極限. 中,法蘭克.薛慶(Frank Schatzing)作; 闕旭玲譯,野人文化,104/01,https://www.bookrep.com.tw/sites/default/files/products/img/141966155817641_middle.jpg,西洋套書
7,9789863840367,極限. 下,法蘭克.薛慶(Frank Schatzing)作; 闕旭玲譯,野人文化,104/02,https://encrypted-tbn0.gstatic.com/images?q=tbn:ANd9GcSXVsmW2AbCpFaE_tqKdUaP40O68MUr-xTVdQ&s,西洋套書
8,9789863618447,"厭世機器人. I, 系統異常自救指南",瑪莎.威爾斯(Martha Wells)著; 翁雅如翻譯,高寶國際,109/07,https://encrypted-tbn0.gstatic.com/images?q=tbn:ANd9GcREBOdZfikzQ8VfJwlKQQMm543w0KfOsbxQow&s,西洋套書
9,9789863619079,"厭世機器人. II, 太空探索逃生手冊",瑪莎.威爾斯(Martha Wells)著; 翁雅如翻譯,高寶國際,109/11,https://encrypted-tbn0.gstatic.com/images?q=tbn:ANd9GcSsCS-Yq66zFnV7uD3cKaVM5pEqcOkhixs3SA&s,西洋套書
10,9789865064709,"厭世機器人. III, 外星入侵應變對策",瑪莎.威爾斯(Martha Wells)著; 翁雅如翻譯,高寶國際,111/09,https://cdnec.sanmin.com.tw/product_images/986/986506470.jpg,西洋套書
11,9789866807060,群(上),"法蘭克.薛慶(Frank Schatzing)作; 顏徽玲, 朱劉華譯",野人文化,96/09,https://encrypted-tbn0.gstatic.com/images?q=tbn:ANd9GcRc_pAkwjxDBO57h3WXbNLDEaFlhBfDDtyjCA&s,西洋套書
12,9789866807077,群(下),"法蘭克.薛慶(Frank Schatzing)作; 顏徽玲, 朱劉華譯",野人文化,96/09,https://encrypted-tbn0.gstatic.com/images?q=tbn:ANd9GcT0JZMYwZHGZiujZURJpFIYbu2T7giryyn4kA&s,西洋套書
13,9789865880965,亞特蘭提斯.瘟疫,傑瑞.李鐸(A.G. Riddle)作; 李建興譯,奇幻基地,104/05,https://encrypted-tbn0.gstatic.com/images?q=tbn:ANd9GcRPz3TlPLY5pLShU_im0av_JhVmb8hkOgevhg&s,西洋套書
14,9789865880972,亞特蘭提斯.新世界,傑瑞.李鐸(A.G. Riddle)作; 李建興譯,奇幻基地,104/06,https://s.eslite.com/Upload/Product/201506/o/635702131289586250.jpg,西洋套書
15,9789868010901,地海巫師,娥蘇拉.勒瑰恩著; 蔡美玲譯,共和國文化,91/02,https://encrypted-tbn0.gstatic.com/images?q=tbn:ANd9GcT2sqvPaFfJIhUDiCfwT3oHx7jeWvPzlhP9FQ&s,西洋套書
16,9789868010918,地海古墓,娥蘇拉.勒瑰恩(Ursula K. Le Guin)著; 蔡美玲譯,共和國文化,91/03,https://im2.book.com.tw/image/getImage?i=https://www.books.com.tw/img/001/018/61/0010186173.jpg&v=3c7d4211k&w=375&h=375,西洋套書
17,9789868010925,地海彼岸,娥蘇拉.勒瑰恩(Ursula K. Le Guin)著; 蔡美玲譯,共和國文化,91/03,https://im2.book.com.tw/image/getImage?i=https://www.books.com.tw/img/001/093/16/0010931619.jpg&v=62d92ac8k&w=375&h=375,西洋套書
18,9789572801208,地海孤雛,娥蘇拉.勒瑰恩(Ursula K. Le Guin)著; 段宗忱譯,繆思,91/09,https://down-tw.img.susercontent.com/file/tw-11134207-7r98r-lukofxiozx6zb6,西洋套書
19,9789572801215,地海故事集,娥蘇拉.勒瑰恩(Ursula K. Le Guin)著; 段宗忱譯,繆思,91/10,https://encrypted-tbn0.gstatic.com/images?q=tbn:ANd9GcSf2GA3IN5aZ19MaQC_Pl_n77pdNX7X85-Q9A&s,西洋套書
20,9789572801222,地海奇風,娥蘇拉.勒瑰恩(Ursula K. Le Guin)著; 段宗忱譯,繆思,91/12,https://encrypted-tbn0.gstatic.com/images?q=tbn:ANd9GcSdiwCpDdviSlvyinE4bc_7rPMzw1sju3PInw&s,西洋套書
21,9789574694327,綠火星,金.史丹利.羅賓遜(Kim Stanley Robinson)著; 藍目路譯,臉譜,90/05,https://s.eslite.com/upload/product/o/2611259506007/ec71758.jpg,西洋套書
22,9789574695232,藍火星,金.史丹利.羅賓遜(Kim Stanley Robinson)著; 蔡梵谷譯,臉譜,90/07,https://encrypted-tbn0.gstatic.com/images?q=tbn:ANd9GcRnngrhd9ME5kDmBq0VDXqUZy1fgS3QK_i0rw&s,西洋套書
23,9789861209166,時間漩渦,威爾森(Robert Charles Wilson)著; 龐元媛譯,貓頭鷹,100/08,https://encrypted-tbn0.gstatic.com/images?q=tbn:ANd9GcT8SwyhPuEpad_u3UiIJFEtKRLGEcrAD6RGZw&s,西洋套書
24,9789866651298,時間軸,威爾森(Robert Charles Wilson)著; 張琰譯,貓頭鷹,97/08,https://encrypted-tbn0.gstatic.com/images?q=tbn:ANd9GcSV9vbOP0GYUAa4z-9mxII-IYTqhamR1M0HQQ&s,西洋套書
25,9789867001665,時間迴旋,威爾森(Robert Charles Wilson)著; 陳宗琛譯,貓頭鷹,96/08,https://encrypted-tbn0.gstatic.com/images?q=tbn:ANd9GcRnTHqborQtQjF7M3qM7RBMVrETnSXVQjNumQ&s,西洋套書
26,9789570916829,關鍵下一秒,菲利普狄克(Philip K. Dick)著; 杜可名譯,正中,96/05,https://encrypted-tbn0.gstatic.com/images?q=tbn:ANd9GcQice4MophfpYbq0XSUBMUfafOpbzpUHDVHPA&s,大書櫃上
27,9789866702112,祖國,羅伯特.哈里斯(Robert Harris)著; 許瓊瑩譯,如果,97/05,https://encrypted-tbn0.gstatic.com/images?q=tbn:ANd9GcRcDxu06tHSQW68tGMzJu8GwctG4vnvV8zm7g&s,大書櫃上
28,9789866745034,時間箭,馬丁.艾米斯(Martin Amis)作; 何致和譯,寶瓶文化,96/08,https://encrypted-tbn0.gstatic.com/images?q=tbn:ANd9GcR6RGMzhr7TY1JAFXfNW8piYIj8OIbPjMEqLw&s,大書櫃上
29,9789865880583,太和計畫,馬克.艾伯特(Mark Alpert)著; 陳岳辰譯,奇幻基地,103/01,https://encrypted-tbn0.gstatic.com/images?q=tbn:ANd9GcQ24zPgDmlmOyL8tdOhvR4aGyVSW63k05tZpA&s,大書櫃上
30,9789869356213,幽靈艦隊: 中美決戰2026,"彼得.辛格(P. W. Singer), 奧格斯.柯爾(August Cole)合著; 譚天譯",八旗文化,105/11,https://s.eslite.com/upload/product/o/2681386120001/614212.jpg,大書櫃上
31,9789869683302,龍鱗焰火(上),喬.希爾(Joe Hill)作; 周翰廷譯,奇幻基地,107/09,https://encrypted-tbn0.gstatic.com/images?q=tbn:ANd9GcSNMLb2Oq_ThimKSDF0i0tjvWE7of8LdsYV0A&s,西洋套書
32,9789869683319,龍鱗焰火(下),喬.希爾(Joe Hill)作; 周翰廷譯,奇幻基地,107/09,https://www.wunanbooks.com.tw/NewPhoto/978/986/968/331/9/B_9789869683319.jpg,西洋套書
33,9789573322597,火星紀事,雷.布萊伯利(Ray Bradbury)作; 林翰昌譯,皇冠,95/08,https://encrypted-tbn0.gstatic.com/images?q=tbn:ANd9GcS2yW9PtW8a2USNamYDHsdacAC9JsBw2R2IMw&s,西洋套書
34,9789573057758,阿伊朵,"威廉.吉布森(William Gibson)作; 李家沂, 曹志漣合譯",開元書印,92/12,https://encrypted-tbn0.gstatic.com/images?q=tbn:ANd9GcTjHe37BM3vMA9QVs-Re3YVGUsvrhSCeahv1Q&s,大書櫃上
35,9789862720912,閃憶殺手,丹.西蒙斯著; 王寶翔譯,商周,101/01,https://encrypted-tbn0.gstatic.com/images?q=tbn:ANd9GcRr8mClGgVA1oTSnH9WxUfS-nkdWFvfzMthnA&s,大書櫃上
36,9789869170987,人生複本,布萊克.克勞奇(Blake Crouch)著; 顏湘如譯,寂寞,106/04,https://encrypted-tbn0.gstatic.com/images?q=tbn:ANd9GcQnEZl11aJX5jjXhvjJBLzYHX_yXBOoB1O5dg&s,大書櫃上
37,9789868166400,記憶裂痕,菲利普狄克(Philip K. Dick)著; 周慧萍譯,墨文堂文化,94/10,https://shopping.line-scdn.net/0hMItei7UxEmZJHAblM2RtMRtBDhchaktxNiQIRD5ZUgQwKVBgcHhfVGQaHFJlLlw4Ii1cUGxMGQJke1c0JS5Vbm0dS1BsLlU4dnJUBG8cCVZlL1Q4IXoK/w360,大書櫃上
38,9789868040212,關鍵報告,菲利普.狄克(Philip K. Dick)作; 嚴韻譯,一方,91/07,https://encrypted-tbn0.gstatic.com/images?q=tbn:ANd9GcQwNLXpU4ubRbSypXaQZvu6Al3RY6fMvGvQ6w&s,大書櫃上
39,9789577453488,寂寞的七號星球,布萊伯利(Ray Bradbury)文; 張琰譯,遊目族文化,89/08,https://im2.book.com.tw/image/getImage?i=https://www.books.com.tw/img/001/099/46/0010994692_bc_01.jpg&v=668bce71k&w=375&h=375,大書櫃上
40,9789866571022,時光閃電,荷西.卡洛斯.索摩薩(Jose Carlos Somoza)著; 葉淑吟譯,商周,97/09,https://encrypted-tbn0.gstatic.com/images?q=tbn:ANd9GcRIk6aNtsGGwtM4C4nsv3pTTTmnekmts_0Djw&s,大書櫃上
41,9789866712142,非理性時代: 牛頓加農砲,葛雷克.凱斯(Gregory Keyes)作; 蔣鏡明譯,奇幻基地,97/04,https://cdnec.sanmin.com.tw/product_images/986/986671214.jpg,西洋套書
42,9789866712418,非理性時代: 天使微積分,葛雷克.凱斯(Gregory Keyes)作; 陳岳辰譯,奇幻基地,97/11,https://encrypted-tbn0.gstatic.com/images?q=tbn:ANd9GcSkqvjb216mcrC1xB5V9kT-DCn5r3eUz-2Yug&s,西洋套書
43,9789862621097,WWW.甦醒,羅伯特.J.索耶(Robert J. Sawyer)著; 吳妍儀譯,貓頭鷹,101/12,https://encrypted-tbn0.gstatic.com/images?q=tbn:ANd9GcSKY__uuyM0kPeRqIpBHVNuCYEpMPfY8E_4KA&s,大書櫃上
44,9789866473203,光之逝,喬治.馬汀(George R. R. Martin)著; 宮中桂譯,蓋亞文化,99/01,https://encrypted-tbn0.gstatic.com/images?q=tbn:ANd9GcRd2IGAgqHYY5SEQvfrFV4rxpxeOw9GioxnCg&s,大書櫃上
45,9789868804906,神經喚術士,威廉.吉布森作; 李家沂譯,開元書印,101/02,https://media.anobii.com/covers/01f58e77d826e20689/300/420/2.5/paperback/png/1331193750,大書櫃上
46,9789862620144,記憶之塵: 朱利安戰記,威爾森(Robert Charles Wilson)著; 龐元媛譯,貓頭鷹,99/05,https://encrypted-tbn0.gstatic.com/images?q=tbn:ANd9GcTghPqBq1GQ_ojFku4F6ytrVa5YLq_95E22DA&s,大書櫃上
47,9789862161272,時光旅人,"馬雷特(Ronald L. Mallett), 韓德森(Bruce Henderson)著; 陳可崗譯",天下遠見,97/05,https://encrypted-tbn0.gstatic.com/images?q=tbn:ANd9GcQwc-KyrIjTEAmVtxrUFgEp79Vv6hhr9bAKFA&s,大書櫃上
48,9789865723392,希特勒回來了,帖木兒.魏穆斯(Timur Vermes)著; 管中琪譯,野人文化,103/06,https://encrypted-tbn0.gstatic.com/images?q=tbn:ANd9GcRUZsxHr0XxZ0nBw2QmoWEUNUgMgzVI-XBCAA&s,大書櫃上
49,9789861771762,曼谷的發條女孩,保羅.巴奇加盧比(Paolo Bacigalupi)著; 王寶翔譯,晨星,100/07,https://cdnec.sanmin.com.tw/product_images/986/986177176.jpg,大書櫃上
50,9789573322870,圖案人,雷.布萊伯利(Ray Bradbury)著; 王瑞徽譯,皇冠,95/12,https://encrypted-tbn0.gstatic.com/images?q=tbn:ANd9GcRsChq0gz8osZGWNDzIVx9RBlujbItEZ17svQ&s,大書櫃上
51,9789573323198,十月國度,雷.布萊伯利(Ray Bradbury)著; 林靜華譯,皇冠,96/04,https://encrypted-tbn0.gstatic.com/images?q=tbn:ANd9GcQJoOR0gO6xBrUixGwIQ0sfZU80CX1ABl8ALQ&s,大書櫃上
52,9789573323488,闇夜嘉年華,雷.布萊伯利著; 王瑞徽譯,皇冠,96/09,https://www.crown.com.tw/images/large/005018.jpg,大書櫃上
53,9789573323709,溫柔的謀殺,雷.布萊伯利(Ray Bradbury)著; 王瑞徽譯,皇冠,96/12,https://encrypted-tbn0.gstatic.com/images?q=tbn:ANd9GcTWl7zrSEcsxPBna3KmkbBLp9kRmpyC_RqMHQ&s,大書櫃上
54,9789867399199,時間的皺紋,麥德琳.蘭歌(Madeleine L'Engle)著; 黃聿君譯,繆思,94/04,https://encrypted-tbn0.gstatic.com/images?q=tbn:ANd9GcRYyp-V5g5nXn7Xv1vjQGbfpEZjiRFEhWMD-A&s,大書櫃上
55,9789861244488,神秘島,"儒勒.凡爾納(Jules Verne)著; 鄧月明, 郭麗娜譯",商周,94/09,https://encrypted-tbn0.gstatic.com/images?q=tbn:ANd9GcSxcE71D1drUq1XB6z9LJCRJknNpjN7Q9531Q&s,大書櫃上
56,9789570494020,隱身新娘,"儒勒・凡爾納(Jules Verne)原著; 夏蓮,冬苗翻譯",宏文館圖書,89/03,https://im1.book.com.tw/image/getImage?i=https://www.books.com.tw/img/001/091/01/0010910106.jpg&v=61a0b756k&w=375&h=375,大書櫃上
57,9789861333410,碎片之島,華倫.費伊(Warren Fahy)著; 王聰霖譯,圓神,99/10,https://encrypted-tbn0.gstatic.com/images?q=tbn:ANd9GcRQkdnpL7OQ3U_N134ZqZ1FSQCvcTkqBaQOtQ&s,大書櫃上
58,9789573322290,華氏451度,雷.布萊伯利(Ray Bradbury)著; 于而彥譯,皇冠,95/04,https://encrypted-tbn0.gstatic.com/images?q=tbn:ANd9GcQBFLmMVP3nOTAau3owm-8uVkoWTjGAFJr97g&s,大書櫃上
59,9789576217470,奔月追緝令,希坎姆(Homer H. Hickam Jr.)著; 吳鴻譯,天下遠見,89/09,https://im2.book.com.tw/image/getImage?i=https://www.books.com.tw/img/001/098/77/0010987735.jpg&v=6622481ek&w=375&h=375,大書櫃上
60,9789863429647,月球城市,安迪.威爾(Andy Weir)著; 翁雅如譯,三采文化,107/03,https://encrypted-tbn0.gstatic.com/images?q=tbn:ANd9GcRXi_4gntesYqNLc7OWO4oTnCw4SRFDFYI-4w&s,大書櫃上
61,9789867261014,戰爭遊戲,Orson Scott Card著; 許文達譯,詠星藝能,94/05,https://s.eslite.com/b2b/newItem/2023/06/26/202306261203561000007181732.jpg,大書櫃上
62,9789866899881,我是傳奇,理察.麥特森(Richard Matheson)著; 陳宗琛譯,春天出版國際,96/12,https://im2.book.com.tw/image/getImage?i=https://www.books.com.tw/img/001/038/53/0010385377.jpg&v=47330192k&w=250&h=250,大書櫃上
63,9789575450205,美麗新世界,赫胥黎著,志文,79/05,https://cdnec.sanmin.com.tw/product_images/957/957545020.jpg,大書櫃上
64,9789574806638,神祕島,儒勒.凡爾納原著; 楊麗編譯,大步文化,91/03,https://s.eslite.com/upload/product/o/2682015925004/20210515064532905608.jpg,大書櫃上
65,9789862131893,時空旅行社,菲利士.帕爾馬(Felix J. Palma)著; 葉淑吟譯,大塊文化,99/07,https://encrypted-tbn0.gstatic.com/images?q=tbn:ANd9GcTG09TawaQKWGN0-OE4-QAcvpPXN34e2vPiQQ&s,大書櫃上
66,9789866535093,探尋者,"傑克.麥戴維(Jack McDevitt)作; 廖愛苓, 歸也光譯",泰電電業,98/01,https://im1.book.com.tw/image/getImage?i=https://www.books.com.tw/img/001/078/39/0010783958.jpg&v=5abf6372k&w=375&h=375,大書櫃上
67,9789866503016,隧道Tunnels,"羅德里克.戈登, 布萊恩.威廉斯著; 肖毛譯",核心文化,98/01,https://encrypted-tbn0.gstatic.com/images?q=tbn:ANd9GcQCHyb77IsIbZ2Os5TW6fhFw-nFPwnbLO8GZA&s,大書櫃上
68,9789571344157,凡爾納: 追求進步的夢想家,Jean-Paul Dekiss原著; 馬向陽譯,時報文化,94/12,https://cdnec.sanmin.com.tw/product_images/957/957134415.jpg,大書櫃上
69,9789869452427,銀翼殺手,菲利普.狄克(Philip K. Dick)著; 祈怡瑋譯,寂寞,106/09,https://encrypted-tbn0.gstatic.com/images?q=tbn:ANd9GcTswMsW4PW33VQ9D_H4EbDgUTCY0z0Rx22wRQ&s,大書櫃上
70,9789861737584,一級玩家,恩斯特.克萊恩(Ernest Cline)著; 郭寶蓮譯,麥田,101/05,https://encrypted-tbn0.gstatic.com/images?q=tbn:ANd9GcS3LnB0TO3xgBTSA636Y_QIK78aMxTTCPiYEA&s,大書櫃上
71,9789867124111,莫羅博士島,赫伯特.喬治.威爾斯(Herbert George Wells)作; 劉沁穎譯,智多星,95/09,https://encrypted-tbn0.gstatic.com/images?q=tbn:ANd9GcR1F3Pdmny6_0MTMX8jcfZNmbjpqbjsmcMEsA&s,大書櫃上
72,9789869931076,"冰凍地球. 首部曲, 寒冬世界= Winter world",傑瑞.李鐸(A.G. Riddle)作; 陳岳辰譯,奇幻基地,110/01,https://encrypted-tbn0.gstatic.com/images?q=tbn:ANd9GcRLOsi6ACQRxYJm27Tm4Xzcsvn1_h2_40YNJg&s,大書櫃上
73,9789572845752,"星際大戰. I, 帝國傳承",提摩西.桑(Timothy Zahn)著; 朱學恒譯,奇幻基地,92/04,https://encrypted-tbn0.gstatic.com/images?q=tbn:ANd9GcTq9CHsiS9Hi7A5UI9niBBW1RtCluA9nSf9Ig&s,西洋套書
74,9789572870549,"星際大戰. 2, 黑潮洶湧",提摩西.桑(Timothy Zahn)著; 朱學恒譯,奇幻基地,92/06,https://encrypted-tbn0.gstatic.com/images?q=tbn:ANd9GcRsggbKTrY1oV61o4pIaHiMgVfdIFoeGxbDxw&s,西洋套書
75,9789867576118,"星際大戰. 3, 最終指令",提摩西.桑(Timothy Zahn)著; 朱學恒譯,奇幻基地,92/12,https://encrypted-tbn0.gstatic.com/images?q=tbn:ANd9GcSTdxRiZ-2dOp2-gWubRxF2cPP7JvTCqfHGhA&s,西洋套書
76,9789867576477,"星際大戰. 4, 昔日幽魂",提摩西.桑(Timothy Zahn)著; 段宗忱譯,奇幻基地,93/12,https://encrypted-tbn0.gstatic.com/images?q=tbn:ANd9GcScZyRV__IkDOSWp3Kk5M9gRLmRrwXDHsGsrg&s,西洋套書
77,9789867576590,"星際大戰. 5, 未來之光(上)",提摩西.桑(Timothy Zohn)著; 段宗忱譯,奇幻基地,94/01,https://encrypted-tbn0.gstatic.com/images?q=tbn:ANd9GcTKKgAiQxQY02eG6FNuCowea-KtfFXwSSyK6g&s,西洋套書
78,9789867576606,"星際大戰. 5, 未來之光(下)",提摩西.桑(Timothy Zohn)著; 段宗忱譯,奇幻基地,94/01,https://im2.book.com.tw/image/getImage?i=https://www.books.com.tw/img/001/098/28/0010982847.jpg&v=65d098e1k&w=375&h=375,西洋套書
79,9789867386076,探索傳說中的千年寶藏,Budd Hopkins著; 劉偉祥譯,可道書房,93/12,https://im2.book.com.tw/image/getImage?i=https://www.books.com.tw/img/001/088/35/0010883593.jpg&v=6020bb79k&w=375&h=375,大書櫃上
80,9789573245728,大腦的祕密檔案,麗塔.卡特(Rita Carter)著; 洪蘭譯,遠流,91/02,https://down-tw.img.susercontent.com/file/tw-11134207-7r98u-ltazb9tirsuqe7,大書櫃上
81,9789570515503,科學怪人,瑪麗.雪萊(Mary Shelley)著; 菲利浦.繆漢(Philippe Munch)繪; 于而彥譯,臺灣商務,91/01,https://encrypted-tbn0.gstatic.com/images?q=tbn:ANd9GcQ4iYR0bYI02wU7RxRiGwwJTpOWPbivDiEW3A&s,大書櫃上
82,9789570518023,化身博士,史蒂文生(Robert Louis Stevenson)著; 佛杭蘇瓦.普列士(Francoise Place)繪; 吳鴻譯,臺灣商務,92/08,https://encrypted-tbn0.gstatic.com/images?q=tbn:ANd9GcSfKn9A-cHOwh_KN1n-6LgkfQpkpdD8kiZReQ&s,大書櫃上
83,9789867896247,發條橘子,安東尼.伯吉斯(Anthony Burgess)著; 王之光譯,臉譜,92/03,https://encrypted-tbn0.gstatic.com/images?q=tbn:ANd9GcSEfUxQ9_klMZn9th7TJRt0d2-_1q72BH5frg&s,大書櫃上
84,9789867592095,超時光機器,Herbert Gorge Wells著; 黛恩翻譯,今天,92/11,https://encrypted-tbn0.gstatic.com/images?q=tbn:ANd9GcTXSMBQA41ud2IoxH--Qhuiabn6b-QIJrEBAg&s,大書櫃上
85,9789576770647,銀河飛龍:星際情緣,彼德⋅戴維著,星光,81/07,https://encrypted-tbn0.gstatic.com/images?q=tbn:ANd9GcTd2DEc8gB4yTBKdUKVGSosKs5Hn69J26btGA&s,大書櫃上
86,9789571349138,宇宙盡頭的餐廳,道格拉斯.亞當斯(Douglas Adams)著; 丁世佳譯,時報文化,97/10,https://encrypted-tbn0.gstatic.com/images?q=tbn:ANd9GcQ63c7WmAE59-DiyGpFMyjKUdReiMjRcKWQdg&s,大書櫃上
87,9789571349480,生命、宇宙及萬事萬物,道格拉斯.亞當斯(Douglas Adams)著; 莫與爭譯,時報文化,97/11,https://encrypted-tbn0.gstatic.com/images?q=tbn:ANd9GcTBAqwRTKLNPCfO7oyTap4pLG9Ezsp3zc6mGA&s,大書櫃上
88,9789577336033,時間機器,H. G. 威爾斯作; 蔡伸章譯,新雨,90/10,https://s.eslite.com/upload/product/o/2611276536001/ec67093.jpg,大書櫃上
89,9789575609849,使女的使事,瑪格麗特.愛特伍(Margaret Atwood)著; 陳小慰譯,天培文化,91/09,https://encrypted-tbn0.gstatic.com/images?q=tbn:ANd9GcR3Dwbjlh9KRVC4QfnY8jHpz4H9lBoU7CzG5w&s,大書櫃上
90,9789867759160,末世男女,"瑪格麗特.愛特伍(Margaret Atwood)著; 韋清琦, 袁霞譯",天培文化,93/08,https://www.chiuko.com.tw/wp-content/uploads/9789867759160_front.jpg,大書櫃上
91,9789575608767,盲眼刺客,瑪格麗特.愛特伍(Margaret Atwood)著; 梁永安譯,天培文化,91/02,https://www.chiuko.com.tw/wp-content/uploads/9789575608767_front.jpg,大書櫃上
92,9789573258605,穿越時空救簡愛: 文學探員周四.夏的冒險,賈斯柏.弗德(Jasper Fforde)作; 丁世佳譯,遠流,95/09,https://encrypted-tbn0.gstatic.com/images?q=tbn:ANd9GcQrlLUEP9e9ZSsUmJW67Css3Of-ohcVleKz4g&s,大書櫃上
93,9789573327790,"諸神三部曲. I, 天神實習生",柏納.韋伯(Bernard Werber)作; 范兆延譯,皇冠,100/03,https://s.eslite.com/Upload/Product/201102/o/634336267958815536.JPG,西洋套書
94,9789573327844,"諸神三部曲. II, 天神私房課",柏納.韋伯(Bernard Werber)作; 繆詠華譯,皇冠,100/04,https://encrypted-tbn0.gstatic.com/images?q=tbn:ANd9GcRCa3VIuRTP8GqaP35PzE1dsXy4hBhbrInXnQ&s,西洋套書
95,9789573327851,"諸神三部曲. III, 失格的天神",柏納.韋伯(Bernard Werber)作; 蔡孟貞譯,皇冠,100/04,https://im1.book.com.tw/image/getImage?i=https://www.books.com.tw/img/001/097/42/0010974238.jpg&v=65574ebdk&w=375&h=375,西洋套書
96,9789864451951,時空傳說,"HG威爾斯著; 江健新, 蔡明穎譯",釀出版,106/04,https://encrypted-tbn0.gstatic.com/images?q=tbn:ANd9GcTpVtXv2olUWwaSz_HoQAewzEPQ5iDisMz9WQ&s,大書櫃上
97,9789867399175,一無所有,娥蘇拉.勒瑰恩(Ursula K. Le Guin)著; 黃涵榆譯,繆思,94/03,https://encrypted-tbn0.gstatic.com/images?q=tbn:ANd9GcQb3320JBcLF0HFVGQqz8AN_Dh0lhlEDb39jg&s,大書櫃上
98,9789866841224,我們,薩米爾欽(E. I. Zamyatin)著; 趙丕慧譯,網路與書,97/03,https://encrypted-tbn0.gstatic.com/images?q=tbn:ANd9GcRgE0p_WHRPnwN7o9nA6VFEfiz9VFfUfGcdhA&s,大書櫃上
99,9789579184533,螞蟻,柏納⋅韋伯(Bernard Werber)著; 蔡孟貞譯,小知堂,86/09,https://encrypted-tbn0.gstatic.com/images?q=tbn:ANd9GcQ1ALueomsg4EYHnNzHuqddXCh7Sd3CK5JZ1Q&s,西洋套書
100,9789570349689,螞蟻時代,"柏納・韋伯(Bernard Werber)著; 袁晶,韓佳,王姝男譯",小知堂,89/04,https://encrypted-tbn0.gstatic.com/images?q=tbn:ANd9GcQscBPfazmL1TsyRPEqHBjJGIT_k4idle2hNA&s,西洋套書
101,9789570349856,螞蟻革命,"柏納・韋伯(Bernard Werber)著; 武崢灝,刁卿雅譯",小知堂,89/09,https://encrypted-tbn0.gstatic.com/images?q=tbn:ANd9GcQNuLxOdvE5WzP9IfJOjjQpjDtpFIcZMv8N8Q&s,西洋套書
102,9789868112698,心機掃描,菲利普狄克(Philip K. Dick)著; 陳怡芬譯,墨文堂文化,94/10,https://encrypted-tbn0.gstatic.com/images?q=tbn:ANd9GcRG7-4986-988wwc7lj2yUxVkMq0RbXKYC8Mw&s,大書櫃上
103,9789866562198,穿越時空的少女,筒井康隆著; 張秋明譯,獨步文化,98/05,https://encrypted-tbn0.gstatic.com/images?q=tbn:ANd9GcQAuyjouK_K6vzVtYQ49zCUsi4smN8EU5iRog&s,大書櫃上
104,9789867600318,6個人的小世界,"鄧肯.華茲(Duncan Watts)著; 傅士哲, 謝良瑜譯",大塊文化,93/02,https://www.locuspublishing.com/webroot/file/books/1000/A010FM019-1000.png,大書櫃上
105,9789577453495,偷嚐愛情的四月女巫,布萊伯利(Ray Bradbury)文; 張琰譯,遊目族文化,89/08,https://im2.book.com.tw/image/getImage?i=https://www.books.com.tw/img/001/099/46/0010994692_bc_01.jpg&v=668bce71k&w=375&h=375,大書櫃上
106,9789577453495,偷嚐愛情的四月女巫,布萊伯利(Ray Bradbury)文; 張琰譯,遊目族文化,89/08,https://im2.book.com.tw/image/getImage?i=https://www.books.com.tw/img/001/099/46/0010994692_bc_01.jpg&v=668bce71k&w=375&h=375,大書櫃上
107,9789862290873,水意識,瑪麗.布克納(M. M. Buckner)著; 綵憶譯,三采文化,98/06,https://s.eslite.com/Upload/Product/200906/o/633802254962602316.JPG,大書櫃上
108,9789570494044,地心遊記,儒勒・凡爾納(Jules Vernre)原著; 沙地翻譯,宏文館圖書,89/04,https://encrypted-tbn0.gstatic.com/images?q=tbn:ANd9GcSF8NP90vkbmbsecB_V7gkaHSkkVHiL3-y3BA&s,大書櫃上
109,9789579184113,獻給阿爾吉儂的花束,丹尼斯・凱斯(Daniel Keyes)作; 周月玲譯,小知堂,84/05,https://encrypted-tbn0.gstatic.com/images?q=tbn:ANd9GcTcNXQVeBf2qBc3Dsok1IhX5V5bMtz-l4dtUQ&s,大書櫃上
110,9789572813690,來自繁星的巫女,席薇亞.路易絲.英達爾(Sylvia Louise Engdahl)著; 羅林譯,奇幻基地,92/01,https://gcs.rimg.com.tw/g1/8/f5/f5/21824206425589_633_m.JPG,大書櫃上
111,9789862130209,海柏利昂,"丹.西蒙斯(Dan Simmons)著; 林翰昌, 李漢聲, 李漢威譯",大塊文化,96/11,https://cdnec.sanmin.com.tw/product_images/986/986213020.jpg,西洋套書
112,9789862130667,海柏利昂2,丹.西蒙斯(Dan Simmons)著; 景翔譯,大塊文化,96/11,https://s.eslite.com/Upload/Product/200809/o/633579552652881250.jpg,西洋套書
113,9789571351483,失落的符號,丹.布朗(Dan Brown)著; 李建興譯,時報文化,99/01,https://encrypted-tbn0.gstatic.com/images?q=tbn:ANd9GcQRFM9yyfmXaGuchjiEK7guW6nZh_SWTS2iEw&s,西洋套書
114,9789571345826,大騙局,丹.布朗(Dan Brown)著; 宋瑛堂譯,時報文化,96/01,https://www.iread.com.tw/ProductFile/T0000200/B000054256/B000054256-B.jpg,西洋套書
115,9789571343174,數位密碼,丹.布朗著; 宋瑛堂譯,時報文化,94/07,https://encrypted-tbn0.gstatic.com/images?q=tbn:ANd9GcTvCn1_ybEJN7dVE1qplpOGOs4o6F8pp0KI5g&s,西洋套書
116,9789571344584,天使與魔鬼,丹.布朗(Dan Brown)著; 尤傳莉譯,時報文化,95/04,https://encrypted-tbn0.gstatic.com/images?q=tbn:ANd9GcS3sW67zzmPGrRt11D6Itn9Hw-4MYqgLtKDZw&s,西洋套書
117,9789867399038,黑暗的左手,娥蘇拉.勒瑰恩(Ursula K. Le Guin)著; 洪凌譯,繆思,93/12,https://encrypted-tbn0.gstatic.com/images?q=tbn:ANd9GcTrvzpANEaWdaMWXSVLOM7SCvijLx9MnZ3cMA&s,大書櫃上
118,9789867399489,通往女人國度之門,雪莉.泰珀(Sheri S. Tepper)著; 洪凌譯,繆思,95/07,https://encrypted-tbn0.gstatic.com/images?q=tbn:ANd9GcRAxLJprynU_UHZaJaAzlc5CDE9_F8iyJKHtg&s,大書櫃上
119,9789573314745,接觸未來,卡爾⋅賽耿(Carl Sagan)作; 湯新華譯,皇冠,86/10,https://s.eslite.com/upload/product/o/2611146314005/ec81221.jpg,大書櫃上
120,9789861243979,時空旅人之妻,奧黛麗.尼芬格(Audrey Niffenegger)著; 陳雅汝譯,商周,95/05,https://encrypted-tbn0.gstatic.com/images?q=tbn:ANd9GcRNlEdec8zZMVk_U_XKv-9rfNkwOp7CeuIhQw&s,大書櫃上
121,9789573323273,手機,史蒂芬.金(Stephen King)作; 宋瑛堂譯,皇冠,96/06,https://lh4.googleusercontent.com/proxy/UeEIvey-gH6QZA93yCxflxBrQS6tenYC7PJV7Vz8TicBzqpbSoNWUXZ7DfsI9aca50T1HFNXN8bI-hY4Qa78S7XGvLAQb9Vy-gHBQsEYbg0FTrl17rLIktHn,大書櫃上
122,9789578701083,侏羅紀公園,麥克・克萊頓著,輕舟,82/07,https://im1.book.com.tw/image/getImage?i=https://www.books.com.tw/img/E05/016/60/E050166020.jpg&v=6487dc20k&w=375&h=375,西洋套書
123,9789578701557,侏羅紀公園. 2,麥克・克萊頓(Michael Crichton)原著; 黃淑芬等譯,輕舟,85/01,https://www.spbook.com.tw/img.php?s=http://images.spbook.com.tw/upload/spbookcomtw/www_spbook_ftp_albums/159/80b05432f4f1ed668fb5b0ffeb0ec8f9.jpg,西洋套書
124,9789862098745,潛龍諜影,RAYMOND BENSON作; 許國煌翻譯,青文,98/06,https://encrypted-tbn0.gstatic.com/images?q=tbn:ANd9GcQ38fSl_AiE-bjzedHmVSresPo2Wd0O6III5A&s,大書櫃上
125,9789866525339,猿猴.賽伯格和女人: 重新發明自然,唐娜.哈洛威(Donna J. Haraway)著; 張君玫譯,群學,99/11,https://cdnec.sanmin.com.tw/product_images/986/986652533.jpg,大書櫃上
126,9789573261162,NEXT危基當前,麥可.克萊頓(Michael Crichton)著; 洪蘭譯,遠流,96/08,https://down-tw.img.susercontent.com/file/a718154ab362b79234e0d55f1bf0bad3,大書櫃上
127,9789573255307,恐懼之邦,麥克.克萊頓(Michael Crichton)著; 洪蘭譯,遠流,94/06,https://encrypted-tbn0.gstatic.com/images?q=tbn:ANd9GcR8vpOlBW-kJQONOYnrJ8rvcMHzKnM-Jz0q-g&s,大書櫃上
128,4717702053796,"第五號屠宰場
",馮內果; 洛夫譯,"麥田
",24,https://cdnec.sanmin.com.tw/product_images/770/770205379.jpg,大書櫃上
129,9789575457327,玻璃珠遊戲,赫塞著; 徐進夫譯,志文,91/02,https://encrypted-tbn0.gstatic.com/images?q=tbn:ANd9GcT3faSFj1dsyao8dNpiDdX9FsCxqWzCDyxQzQ&s,大書櫃上
130,9789575457327,玻璃珠遊戲,赫塞著; 徐進夫譯,志文,91/02,https://s.eslite.com/upload/product/o/2611317674006/ec1683758.jpg,大書櫃上
131,9789574503414,天使帝國,柏納.韋伯著; 陳宜君譯,小知堂,93/09,https://www.iread.com.tw/ProductFile/T0011100/B000036014/B000036014-B.jpg,大書櫃上
132,9789574504879,幻行者,克里斯多夫.裴斯特著; 張玲茵譯,小知堂,95/06,https://img.findprice.com.tw/book/9789574504879.jpg,大書櫃上
133,9789573249443,奈米獵殺,麥克.克萊頓(Michael Crichton)著; 洪蘭譯,遠流,92/08,https://encrypted-tbn0.gstatic.com/images?q=tbn:ANd9GcQ_x6NJ347hmpmDL_jCi2nRXtEtfy2ksUKR7A&s,大書櫃上
134,9789866665578,索拉力星,史坦尼斯勞.萊姆(Stanislaw Lem)作; 趙剛翻譯,繆思,99/06,https://s.eslite.com/Upload/Product/201006/o/634133216294711250.jpg,大書櫃上
135,9789575453435,蒼蠅王,威廉⋅高汀,志文,79/01,https://encrypted-tbn0.gstatic.com/images?q=tbn:ANd9GcT_OmS2bCgNAj1v_JcnkyfLsX-9OzF3UsBFVw&s,大書櫃上
136,9789862876527,涼宮春日的觀測: OFFICIAL FANBOOK,Sneaker文庫編輯部編輯; 吳松諺譯,臺灣國際角川,101/05,https://cdnec.sanmin.com.tw/product_images/986/986287652.jpg,大書櫃下
137,9789861740485,涼宮春日的動搖,谷川流作; いとうのいぢ插畫; 王敏媜譯,臺灣國際角川,95/04,https://shoplineimg.com/655b0f3c9b81d900188b35f1/664013ccb8f8480022903191/800x.jpg?,大書櫃下
138,9789867299536,涼宮春日的煩悶,谷川流作; いとうのいぢ插畫; 陳蕙莉譯,臺灣國際角川,94/04,https://encrypted-tbn0.gstatic.com/images?q=tbn:ANd9GcSaHamhMbsOTM_Gjr9SCaGsO0b_pjJUJu4P0Q&s,大書櫃下
139,9789867189189,涼宮春日的消失,谷川流作; いとうのいぢ插畫; 王敏禎譯,臺灣國際角川,94/09,https://encrypted-tbn0.gstatic.com/images?q=tbn:ANd9GcSSd_I6wgCPmMNSGgb1rfFdCE0pPPiRPKJNrg&s,大書櫃下
140,9789867189806,涼宮春日的暴走,谷川流作; いとうのいぢ插畫; 王敏媜譯,臺灣國際角川,94/12,https://encrypted-tbn0.gstatic.com/images?q=tbn:ANd9GcRIcdZpPQOHr5Nye-6lM7atXOyh6moHuqtPGg&s,大書櫃下
141,9789861744469,涼宮春日的分裂,谷川流作; 王敏媜譯,臺灣國際角川,96/08,https://encrypted-tbn0.gstatic.com/images?q=tbn:ANd9GcRXR8_XgnVOfkPfbyOJBK5PZPe8cN5g2Uaa8Q&s,大書櫃下
142,9789861742649,涼宮春日的憤慨,"谷川流作; 王敏媜, 吳松諺譯",臺灣國際角川,96/01,https://s.eslite.com/upload/product/o/2680230105003/20201027133005129312.jpg,大書櫃下
143,9789867299208,涼宮春日的嘆息,谷川流著; いとうのいぢ插畫; 陳蕙莉譯,臺灣國際角川,94/02,https://im1.book.com.tw/image/getImage?i=https://www.books.com.tw/img/001/097/98/0010979814.jpg&v=65a12301k&w=375&h=375,大書櫃下
144,9789867427885,涼宮春日的憂鬱,谷川流作; いとうのいぢ插畫; 許慧貞譯,臺灣國際角川,93/12,https://encrypted-tbn0.gstatic.com/images?q=tbn:ANd9GcTqOizh0i8M7jeijogVK2KxI1I8opXVN_5jLw&s,大書櫃下
145,9789866562709,摩登時代,伊坂幸太郎著; 李彥樺譯,獨步文化,99/10,https://encrypted-tbn0.gstatic.com/images?q=tbn:ANd9GcSWgv9ExiDR7wtfyj1FczXlgTWJKZeywtrjIA&s,大書櫃下
146,9789862376027,平行戀人,靜月遠火作; 王靜怡譯,臺灣國際角川,99/04,https://encrypted-tbn0.gstatic.com/images?q=tbn:ANd9GcQXl3B4h0bBqw3GhA-NQe1gNxxy0JvSgqQC2Q&s,大書櫃下
147,9789867475909,秋葉原@DEEP,石田衣良著(ISHIDA Ira)著; 劉名揚譯,木馬文化,95/04,https://encrypted-tbn0.gstatic.com/images?q=tbn:ANd9GcSOptHma8hM_ak6j6M8tNBOTWDMqcvQiwPUUA&s,大書櫃下
148,9789862376027,平行戀人,靜月遠火作; 王靜怡譯,臺灣國際角川,99/04,https://s.eslite.com/upload/product/o/2680490378001/42735.jpg,大書櫃下
149,9789571032139,星之聲,大場惑作; K.K 譯,尖端,95/04,https://im2.book.com.tw/image/getImage?i=https://www.books.com.tw/img/001/032/95/0010329579.jpg&v=48f409fak&w=375&h=375,大書櫃下
150,9789867475909,秋葉原@DEEP,石田衣良著(ISHIDA Ira)著; 劉名揚譯,木馬文化,95/04,https://im1.book.com.tw/image/getImage?i=https://www.books.com.tw/img/001/066/70/0010667084.jpg&v=54f59b40k&w=375&h=375,大書櫃下
151,9789866562327,清晨的加斯巴,筒井康隆著; 王華懋譯,獨步文化,98/11,https://s2.eslite.com/unsafe/fit-in/x900/s.eslite.com/Upload/Product/200910/o/633925286522986030.jpg,大書櫃下
152,9789575645250,橫濱車站SF,柞刈湯葉作; 林哲逸譯,臺灣角川,107/10,https://shoplineimg.com/655b0f3c9b81d900188b35f1/663fdc08a5a3749b993261ca/800x.jpg?,大書櫃下
153,9789575649777,橫濱車站SF(全國版),柞刈湯葉作; 林哲逸譯,臺灣角川,108/05,https://encrypted-tbn0.gstatic.com/images?q=tbn:ANd9GcT8vpX-T0YIn8B2UAvgNmspu_kKNJOoMKGZeQ&s,大書櫃下
154,9789579447669,華龍之宮,上田早夕里著; 邱香凝譯,獨步文化,109/04,https://im2.book.com.tw/image/getImage?i=https://www.books.com.tw/img/001/085/27/0010852745.jpg&v=5e71a0fek&w=375&h=375,大書櫃下
155,9789861747965,圖書館戰爭,有川浩作; 黃真芳譯,臺灣國際角川,97/08,https://encrypted-tbn0.gstatic.com/images?q=tbn:ANd9GcTrXztya4eOLdXMvN4us-ug1DYPcrZD4bqYqA&s,大書櫃下
156,9789869475495,軌道之雲,藤井太洋著; 王華懋譯,獨步文化,106/09,https://encrypted-tbn0.gstatic.com/images?q=tbn:ANd9GcSaarNjfWjfzhb-ZYHfqrb2sEZzympW6ZpONQ&s,大書櫃下
157,9789869475495,軌道之雲,藤井太洋著; 王華懋譯,獨步文化,106/09,https://encrypted-tbn0.gstatic.com/images?q=tbn:ANd9GcSaarNjfWjfzhb-ZYHfqrb2sEZzympW6ZpONQ&s,大書櫃下
158,9789866026768,和諧,伊藤計劃著; 高詹燦譯,繆思,103/06,https://encrypted-tbn0.gstatic.com/images?q=tbn:ANd9GcRLTG606xuZ93BLnzpGJtNPylYLeMRmF7-mvg&s,大書櫃下
159,9789571019635,機動戰士Z Gundam(小說版),富野由悠季小說; 美樹本晴彥作畫; 劉文兆譯,尖端,88/05,https://encrypted-tbn0.gstatic.com/images?q=tbn:ANd9GcT_rH4moyk58Fl0UiPXA9IFh8YJk8DLkbhuSg&s,大書櫃下
160,9789571020259,機動戰士Z Gundam(小說版),富野由悠季小說; 美樹本晴彥作畫; 劉文兆譯,尖端,88/08,https://encrypted-tbn0.gstatic.com/images?q=tbn:ANd9GcTvCP4r8x78j0wm9h_bBTWTs1tUX42JVEoe6w&s,大書櫃下
161,9789571026831,機動戰士Z Gundam(小說版),富野由悠季小說; K.K.譯,尖端,92/06,https://encrypted-tbn0.gstatic.com/images?q=tbn:ANd9GcTDXkkK6-KEVqvnOC3PcgUnVVOao9ieEZ8ejA&s,大書櫃下
162,9789571027111,機動戰士Z Gundam(小說版),富野由悠季小說; K.K.譯,尖端,93/01,https://encrypted-tbn0.gstatic.com/images?q=tbn:ANd9GcRO_VBa7uhfcUonrXOyb2o57W9g2mBYkRVA6g&s,大書櫃下
163,9789571027128,機動戰士Z Gundam(小說版),富野由悠季小說; K.K.譯,尖端,93/01,https://encrypted-tbn0.gstatic.com/images?q=tbn:ANd9GcTso_ROGMBISN6Lhc1zQijFudrzTDEYbnhp6w&s,大書櫃下
164,9789571014906,機動戰士GUNDAM 0083：星塵作戰記錄1,山口宏著; 川元利浩作畫; Yoko譯,尖端,87/05,https://im2.book.com.tw/image/getImage?i=https://www.books.com.tw/img/001/015/74/0010157441.jpg&v=3b003c18k&w=348&h=348,大書櫃下
165,9789571017204,機動戰士GUNDAM 0083：星塵作戰記錄2,"山口宏小說; 川元利浩,カトキハジメ,佐野浩敏作畫; Yoko譯",尖端,87/10,https://cdnec.sanmin.com.tw/product_images/957/957101720.jpg,大書櫃下
166,9789571019376,機動戰士GUNDAM 0083：星塵作戰記錄3,"山口宏小說; 川元利浩,カトキハジメ,佐野浩敏作畫; Yoko譯",尖端,88/05,https://cdnec.sanmin.com.tw/product_images/957/957101937.jpg,大書櫃下
167,9789571021027,鋼彈前哨戰: 愛莉絲的懺悔,高橋昌也小說; かときはじめ作畫; 許嘉祥譯,尖端,88/12,https://s.eslite.com/b2b/newItem/2024/04/08/204_135406268_260_mainCoverImage1.jpg,大書櫃下
168,9789571021034,鋼彈前哨戰: 愛莉絲的懺悔,高橋昌也小說; かときはじめ作畫; 許嘉祥譯,尖端,88/12,https://encrypted-tbn0.gstatic.com/images?q=tbn:ANd9GcTvCP4r8x78j0wm9h_bBTWTs1tUX42JVEoe6w&s,大書櫃下
169,9789863374565,"NO GAME NO LIFE遊戲人生. 3, 遊戲玩家兄妹的另一半似乎消失了......?",榎宮祐作; 林憲權譯,東立,102/10,https://encrypted-tbn0.gstatic.com/images?q=tbn:ANd9GcTZCGybnq_M-dQsolUrqWWR0SQHufA_gsJqSw&s,大書櫃下
170,9789863480945,"NO GAME NO LIFE遊戲人生. 4, 遊戲玩家兄妹遭遇現實戀愛遊戲而逃之夭夭了",榎宮祐作; 林憲權譯,東立,103/01,https://s.eslite.com/upload/product/o/2680845527009/ec794948.jpg,大書櫃下
171,9789863487159,NO GAME NO LIFE遊戲人生: 遊戲玩家兄妹似乎討厭繼承破關紀錄,榎宮祐作; 林憲權譯,東立,103/04,https://encrypted-tbn0.gstatic.com/images?q=tbn:ANd9GcR39pHAh_jyNIruKDOAUI3q6gXTr2QRI8hwHw&s,大書櫃下
172,9789864622719,"NO GAME NO LIFE遊戲人生. 7, 聽說遊戲玩家兄妹要巔覆定理",櫌宮祐作; 林憲權譯,東立,104/11,https://www.iread.com.tw/ProductFile/T0001000/B000349047/B000349047-B.jpg,大書櫃下
173,9789864824267,"NO GAME NO LIFE遊戲人生. 9, 聽說遊戲玩家兄妹要休息一回合",櫌宮祐作; 林憲權譯,東立,106/01,https://encrypted-tbn0.gstatic.com/images?q=tbn:ANd9GcTntxwAgf7n7HpUMpNJcdPOEPPfOyYjNu7DDQ&s,大書櫃下
174,9789571013282,機動戰士,富野由悠季原作; 美樹本晴彥作畫; 許嘉祥譯,尖端,86/11,https://encrypted-tbn0.gstatic.com/images?q=tbn:ANd9GcTP0ixsZWFwa6MEhmqe9PNc6PgTIvg294IIZw&s,大書櫃下
175,9789571014500,機動戰士,富野由悠季原作; 美樹本晴彥作畫; 許嘉祥譯,尖端,87/03,https://encrypted-tbn0.gstatic.com/images?q=tbn:ANd9GcRefG1-XoHoVFrhzuH-i9k9xnGlGI_ibjOtvQ&s,大書櫃下
176,4719863045238,星界的紋章 1,森岡浩之,尖端出版,90/11,https://s2.eslite.com/unsafe/fit-in/x900/s.eslite.com/upload/product/o/2611275426013/ec66942.jpg,大書櫃下
177,4719863046648,"星界的紋章 2
",森岡浩之,尖端出版,91/02,https://encrypted-tbn0.gstatic.com/images?q=tbn:ANd9GcTiGaYeGSkjTN-p-8lQp60sg9uCacvG_EJGpA&s,大書櫃下
178,1920193005400,error,error,error,error,https://encrypted-tbn0.gstatic.com/images?q=tbn:ANd9GcQ56-7VTL0nUZhrZkVLBtmgZ8pV-nilphYSJg&s,
179,9789571343891,戰廢品,哈金著; 季思聰譯,時報文化,94/11,https://encrypted-tbn0.gstatic.com/images?q=tbn:ANd9GcS5oNZ1nFP5s2I2IWCmab4X4M4HluPyMBXCvg&s,大書櫃下
180,9789571341644,達文西密碼,丹.布朗著; 尤傳莉譯,時報文化,93/08,https://encrypted-tbn0.gstatic.com/images?q=tbn:ANd9GcTC-1LhL9f_CU30thfVeOHr_Zp_vy62_w4aqQ&s,
181,9789867475800,電子之星: 池袋西口公園. IV,石田衣良著; 劉名揚譯,木馬文化,95/01,https://im2.book.com.tw/image/getImage?i=https://www.books.com.tw/img/001/080/96/0010809640_bc_01.jpg&v=5c1e12c6k&w=375&h=375,大書櫃下
182,9789577336880,家畜人鴉俘. I,沼正三著; 陳苑瑜譯,新雨,91/01,https://encrypted-tbn0.gstatic.com/images?q=tbn:ANd9GcRWYihAcSu-H0vOZAIas-vMXkg2eH4XpMbF4w&s,大書櫃下
183,9789577337139,家畜人鴉俘. II,沼正三著; 黃瑾瑜譯,新雨,91/07,https://encrypted-tbn0.gstatic.com/images?q=tbn:ANd9GcSoTyaB5lWfN1evitK7_vNlDmGiJDjnaFEiKQ&s,大書櫃下
184,9789575744755,最後的地球人,星新一作; 李雀美譯; 劉伯樂繪圖,幼獅,93/04,https://encrypted-tbn0.gstatic.com/images?q=tbn:ANd9GcRiVjMs3mOk7skvcfgA56kVZbCxbe75zafm1Q&s,大書櫃下
185,9789861247816,別讓我走,石黑一雄(Kazuo Ishiguro)著; 張淑貞譯,商周,95/12,https://down-tw.img.susercontent.com/file/tw-11134207-7r98u-lx4zcmyiltf41c,大書櫃下
186,9789869435192,神也鬥不過愚蠢= The Gods themselves,以撒艾西莫夫(Isaac Asimov)著; 陳宗琛譯,鸚鵡螺文化,110/10,https://encrypted-tbn0.gstatic.com/images?q=tbn:ANd9GcT--sCFkGkO6vhCXJCZ4e38A6G4cj6SL9q4Pw&s,三大家
187,9789576217005,正子人,"艾西莫夫(Isaac Asimov), 席維伯格(Robert Silverberg)著; 葉李華譯",天下遠見,89/06,https://encrypted-tbn0.gstatic.com/images?q=tbn:ANd9GcQhhiK-suXGHTAhz52hEIYbZ6OJR5BeaI1CXg&s,三大家
188,9789576218217,醜小孩,"艾西莫夫(Isaac Asimov),席維伯格(Robert Silverberg)著; 葉李華譯",天下遠見,90/02,https://im1.book.com.tw/image/getImage?i=https://www.books.com.tw/img/001/097/98/0010979814.jpg&v=65a12301k&w=375&h=375,三大家
189,9789867001030,"我,機器人",艾西莫夫(Isaac Asimov)著; 葉李華譯,貓頭鷹,95/06,https://encrypted-tbn0.gstatic.com/images?q=tbn:ANd9GcSDn8EFLOEbf2y_hV_sXVMrMYTCPUmqew0CdQ&s,三大家
190,9789862620038,機器人與帝國: 機器人系列完結篇,艾西莫夫(Isaac Asimov)著; 蔡心語譯,貓頭鷹,99/02,https://encrypted-tbn0.gstatic.com/images?q=tbn:ANd9GcQ_KY_zpx45QF-LevOJhGogNQ6IOne5msBwHQ&s,三大家
191,9789576217739,夜幕低垂,"艾西莫夫(Isaac Asimov),席維伯格(Robert Silverberg)著; 駱香潔,葉 李華譯",天下遠見,89/11,https://encrypted-tbn0.gstatic.com/images?q=tbn:ANd9GcTldSUxoIb2rylYyFb9zIvhTVLn2kz4rZSehw&s,三大家
192,9789866651342,鋼穴,艾西莫夫(Isaac Asimov)著; 蔡心語譯,貓頭鷹,97/09,https://encrypted-tbn0.gstatic.com/images?q=tbn:ANd9GcQyDrJpRuAl9OvfL4DIx9IwaUyY4-ccrntKIg&s,三大家
193,9789866651588,裸陽,艾西莫夫(Isaac Asimov)著; 蔡心語譯,貓頭鷹,98/03,https://www.iread.com.tw/ProductFile/T0002500/B000077154/B000077154-B.jpg,三大家
194,9789866651694,曙光中的機器人,艾西莫夫(Isaac Asimov)著; 蔡心語譯,貓頭鷹,98/07,https://encrypted-tbn0.gstatic.com/images?q=tbn:ANd9GcS6xe3fuT-7t-eQQDs7LeE2EQylrfGJJebI_g&s,三大家
195,9789576218439,4=71,"海萊因(Robert A. Heinlein)著; 吳鴻,葉李華譯",天下遠見,90/04,https://encrypted-tbn0.gstatic.com/images?q=tbn:ANd9GcQq__aDhLKbn1IT79KlNf1l-srSWx2MYchdQQ&s,三大家
196,9789867782946,夏之門,海萊因(Robert Anson Heinlein)作; 吳鴻譯,麥田,92/05,https://encrypted-tbn0.gstatic.com/images?q=tbn:ANd9GcQPmGlWnyhZ2157w_gBzNcPiFHYceS0Iq5ahQ&s,三大家
197,9789861731087,銀河公民,海萊因(Robert A. Heinlein)著; 吳鴻譯,麥田,95/07,https://encrypted-tbn0.gstatic.com/images?q=tbn:ANd9GcSORJqoIJohaNdVzrHRxGDbVArgOivHUgCibA&s,三大家
198,9789576217760,滾石家族遊太空,"海萊因(Robert A. Heinlein)著; 吳鴻,葉李華譯",天下遠見,89/11,https://im1.book.com.tw/image/getImage?i=https://www.books.com.tw/img/001/013/71/0010137170.jpg&v=3c55b6d2k&w=375&h=375,三大家
199,9789574505180,拉瑪真相,"亞瑟.克拉克(Arthur C. Clarke), 簡崔.李(Gentry Lee)著; 胡瑛譯",小知堂,95/12,https://encrypted-tbn0.gstatic.com/images?q=tbn:ANd9GcS9qwtw5VFj0EYJIu5eetzdnyBtx8PwU_PBew&s,三大家
200,9789574505111,拉瑪迷境,"亞瑟.克拉克(Arthur C. Clarke), 簡崔.李(Gentry Lee)著; 王幼慈譯",小知堂,95/10,https://encrypted-tbn0.gstatic.com/images?q=tbn:ANd9GcS5oLNsJRnNtrOtRCXrK1BfQXBNK1n_uEJsQw&s,三大家
201,9789574504503,拉瑪任務,亞瑟.克拉克(Arthur C. Clarke)著; 胡瑛譯,小知堂,95/01,https://cdnec.sanmin.com.tw/product_images/957/957450450.jpg,三大家
202,9789574504510,拉瑪再現,"亞瑟.克拉克(Arthur C. Clarke), 簡崔.李(Gentry Lee)著; 何敏綺譯",小知堂,95/05,https://encrypted-tbn0.gstatic.com/images?q=tbn:ANd9GcQPzD2eff95WySqMd1fCDnHCYjPHlWCpC2Pzg&s,三大家
203,9789576217319,童年末日,"克拉克(Arthur C. Clarke)著; 鍾慧元,葉李華譯",天下遠見,89/09,https://encrypted-tbn0.gstatic.com/images?q=tbn:ANd9GcTmj8DIK3tyOfZP-x19VyNXAWPKhZoLUP96kA&s,三大家
204,9789573258933,二〇〇一太空漫遊,亞瑟.克拉克(Arthur C. Clarke)著; 郝明義譯,遠流,95/10,https://im1.book.com.tw/image/getImage?i=https://www.books.com.tw/img/001/034/53/0010345324.jpg&v=452508ebk&w=375&h=375,三大家
205,9789573258964,三〇〇一太空漫遊,"亞瑟.克拉克(Arthur C. Clarke)著; 鍾慧元, 葉李華譯",遠流,95/10,https://encrypted-tbn0.gstatic.com/images?q=tbn:ANd9GcQIIBES2vTjj22_voopgGD4DlVW2_MDvzJ_EA&s,三大家
206,9789573258957,二〇六一太空漫遊,亞瑟.克拉克(Arthur C. Clarke)著; 張啟陽譯,遠流,95/10,https://encrypted-tbn0.gstatic.com/images?q=tbn:ANd9GcR2aFhaxLJaZoWY2QqUmEFYbIsmJa7HaTMhsA&s,三大家
207,9789573258940,二〇一〇太空漫遊,亞瑟.克拉克(Arthur C. Clarke)著; 張啟陽譯,遠流,95/10,https://encrypted-tbn0.gstatic.com/images?q=tbn:ANd9GcTQMjBnMWXZ9d5mwlaZKLdrpO9qhqnKVSppYg&s,三大家
208,9789867576460,基地,以撒.艾西莫夫(Issac Asimov)作; 葉李華譯,奇幻基地,93/12,https://encrypted-tbn0.gstatic.com/images?q=tbn:ANd9GcSLpMdU_PWWSEKQVYdoZc8fTEDUT9yykyG-7g&s,三大家
209,9789867576637,基地與帝國,以撒.艾西莫夫(Isaac Asimov)著; 葉李華譯,奇幻基地,94/03,https://img.findprice.com.tw/book/9789867576637.jpg,三大家
210,9789867576798,第二基地,以撒.艾西莫夫(Isaac Asimov)作; 葉李華譯,奇幻基地,94/06,https://encrypted-tbn0.gstatic.com/images?q=tbn:ANd9GcTVNKw2zOWVTdWAr33VUqrUR8cAnFctKrRpyg&s,三大家
211,9789867131102,基地締造者,以撒.艾西莫夫(Isaac Asimov)作; 葉李華譯,奇幻基地,95/01,https://encrypted-tbn0.gstatic.com/images?q=tbn:ANd9GcR8eOxBqOI32ltEhgqLdG4-0MT7YPyPAgyf9g&s,三大家
212,9789867576958,基地前奏,以撒.艾西莫夫(Isaac Asimov)作; 葉李華譯,奇幻基地,94/09,https://www.hkbookcity.com/image_new/cover/97898675/9789867576958.jpg,三大家
213,9789867427700,新世紀EVANGELION福音戰士 1,Gainax原作; 貞本義行漫畫; 艾澀譯,臺灣國際角川,93/12,https://encrypted-tbn0.gstatic.com/images?q=tbn:ANd9GcStSimVIUwhOlBxqfGsE8qPCEIJhYG8QAUhhA&s,漫畫
214,9789867427717,新世紀EVANGELION福音戰士 2,Gainax原作; 貞本義行漫畫; 艾澀譯,臺灣國際角川,93/12,https://encrypted-tbn0.gstatic.com/images?q=tbn:ANd9GcSu8Jcndz-tp-390J075c5KB1HySGr6PwKaYg&s,漫畫
215,9789867427908,新世紀EVANGELION福音戰士 3,Gainax原作; 貞本義行漫畫; 艾澀譯,臺灣國際角川,94/02,https://cdnec.sanmin.com.tw/product_images/986/986742790.jpg,漫畫
216,9789867427915,新世紀EVANGELION福音戰士 4,Gainax原作; 貞本義行漫畫; 艾澀譯,臺灣國際角川,94/02,https://encrypted-tbn0.gstatic.com/images?q=tbn:ANd9GcTKNj26t8-JY7NK9umpwYZ7fwF2Q_7pSn_6eg&s,漫畫
217,9789867427922,新世紀EVANGELION福音戰士 5,Gainax原作; 貞本義行漫畫; 艾澀譯,臺灣國際角川,94/02,https://s.eslite.com/upload/product/o/2611372738057/ec1706742.jpg,漫畫
218,9789867427939,新世紀EVANGELION福音戰士 6,Gainax原作; 貞本義行漫畫; 艾澀譯,臺灣國際角川,94/02,https://s.eslite.com/upload/product/o/2611372738064/ec1706744.jpg,漫畫
219,9789573022596,新世紀EVANGELION福音戰士 7,Gainax原作; 貞本義行漫畫; 章澤儀譯,臺灣國際角川,90/12,https://s.eslite.com/upload/product/o/2611114481005/ec313933.jpg,漫畫
220,9789861741321,新世紀EVANGELION福音戰士 8,Gainax原作; 貞本義行漫畫; 章澤儀譯,臺灣國際角川,95/08,https://s.eslite.com/upload/product/o/2680182813001/ec314491.jpg,漫畫
221,9789861745275,新世紀EVANGELION福音戰士 9,Gainax.Khara原作; 貞本義行漫畫; 章澤儀譯,臺灣國際角川,96/11,https://encrypted-tbn0.gstatic.com/images?q=tbn:ANd9GcQga-BiX58KJyvRkOZmCdyjIu2O2thdXw41nQ&s,漫畫
222,9789862378458,新世紀EVANGELION福音戰士 10,Khara.Gainax原作; 貞本義行漫畫; 章澤儀譯,臺灣國際角川,99/09,https://cdnec.sanmin.com.tw/product_images/986/986237845.jpg,漫畫
223,9789863250142,新世紀EVANGELION福音戰士 11,Khara.Gainax原作; 貞本義行漫畫; 小凡譯,臺灣國際角川,101/11,https://encrypted-tbn0.gstatic.com/images?q=tbn:ANd9GcQJWkfJx89wR5OFOVZni_-x8y-FjgvecKEHXw&s,漫畫
224,9789863662549,新世紀EVANGELION福音戰士 12,Khara.Gainax原作; 貞本義行漫畫; 章澤儀譯,臺灣角川,103/11,https://encrypted-tbn0.gstatic.com/images?q=tbn:ANd9GcQFHQIyZQhg6JfyeN2i_9w5F7G6gWlOdC4UZQ&s,漫畫
225,9789863661436,涼宮春日的憂鬱 20,谷川流原作; ジガノガク漫畫; 黃任遠譯,臺灣角川,103/09,https://s.eslite.com/upload/product/o/2680902422001/409252.jpg,漫畫
226,9789863257721,涼宮春日的憂鬱 19,谷川流原作; ジガノガク漫畫; 黃任遠譯,臺灣角川,103/01,https://encrypted-tbn0.gstatic.com/images?q=tbn:ANd9GcRo76-6nj_BAnKbPiyDDSZ4abf68GewQflfZA&s,漫畫
227,9789863256038,涼宮春日的憂鬱 18,谷川流原作; ジガノガク漫畫; 黃任遠譯,臺灣國際角川,102/09,https://encrypted-tbn0.gstatic.com/images?q=tbn:ANd9GcRUNB-lHDgPjjBkCwxqWRxyW3G_1SMy0Qti6Q&s,漫畫
228,9789863253914,涼宮春日的憂鬱 17,谷川流原作; ジガノガク漫畫; 黃任遠譯,臺灣國際角川,102/05,https://encrypted-tbn0.gstatic.com/images?q=tbn:ANd9GcTBLEsmq6K5Zr76wtdZlJLJaTRNXiCzgK6YBg&s,漫畫
229,9789862879511,涼宮春日的憂鬱 16,谷川流原作; ジガノガク漫畫; 黃任遠譯,臺灣國際角川,101/09,https://im2.book.com.tw/image/getImage?i=https://www.books.com.tw/img/001/083/69/0010836961.jpg&v=5daa8e7dk&w=375&h=375,漫畫
230,9789862877692,涼宮春日的憂鬱 15,谷川流原作; ジガノガク漫畫; 黃任遠譯,臺灣國際角川,101/06,https://cdnec.sanmin.com.tw/product_images/986/986287769.jpg,漫畫
231,9789862874189,涼宮春日的憂鬱 14,谷川流原作; ジガノガク漫畫; 黃任遠譯,臺灣國際角川,100/10,https://s.eslite.com/upload/product/o/2680614961003/122211.jpg,漫畫
232,9789862873083,涼宮春日的憂鬱 13,ジガノガク漫畫; 谷川流原作; 黃任遠譯,臺灣國際角川,100/08,https://encrypted-tbn0.gstatic.com/images?q=tbn:ANd9GcQYxs4aRBZvXCKJu2TMohspiv-rgMM1Fuubhg&s,漫畫
233,9789862870891,涼宮春日的憂鬱 12,ジガノガク漫畫; 谷川流原作; 黃任遠譯,臺灣國際角川,100/04,https://encrypted-tbn0.gstatic.com/images?q=tbn:ANd9GcQ_7JShOA-voZdhqh5QFOPqIQ017Xd7XNY5ew&s,漫畫
234,9789862378472,涼宮春日的憂鬱 11,谷川流作; 黃任遠譯,臺灣國際角川,99/09,https://encrypted-tbn0.gstatic.com/images?q=tbn:ANd9GcSs_IYEv6KA9VopOe5SvQ1z2PpdJhqZAp50-g&s,漫畫
235,9789862376256,涼宮春日的憂鬱 10,谷川流作; 黃任遠譯,臺灣國際角川,99/04,https://im2.book.com.tw/image/getImage?i=https://www.books.com.tw/img/001/096/83/0010968377.jpg&v=651f8e24k&w=375&h=375,漫畫
236,9789862375266,涼宮春日的憂鬱 9,谷川流作; 黃任遠譯,臺灣國際角川,99/02,https://encrypted-tbn0.gstatic.com/images?q=tbn:ANd9GcRlSwjsmPkFvdZaTAXUw8hS_myUCiLlBIWUBQ&s,漫畫
237,9789862373699,涼宮春日的憂鬱 8,谷川流作; 黃任遠譯,臺灣國際角川,98/11,https://bci.kinokuniya.com/jsp/images/book-img/97898/97898623/9789862373699.JPG,漫畫
238,9789862371411,涼宮春日的憂鬱 7,谷川流作; 黃任遠譯,臺灣國際角川,98/06,https://cdnec.sanmin.com.tw/product_images/986/986237141.jpg,漫畫
239,9789861749839,涼宮春日的憂鬱 6,谷川流作; 黃任遠譯,臺灣國際角川,98/01,https://encrypted-tbn0.gstatic.com/images?q=tbn:ANd9GcTqQFyzvy_5Qr3R2Vi8br_cEwcy-vHKGsZU6Q&s,漫畫
240,9789861747392,涼宮春日的憂鬱 5,谷川流作; 黃任遠譯,臺灣國際角川,97/07,https://encrypted-tbn0.gstatic.com/images?q=tbn:ANd9GcT0BL0-B5Dlxnl2lcdAt__Fcl9_YrDOcIpB-w&s,漫畫
241,9789861745695,涼宮春日的憂鬱 4,谷川流作; 黃任遠譯,臺灣國際角川,97/01,https://s.eslite.com/Upload/Product/200801/o/633519128597919746.jpg,漫畫
242,9789861745329,涼宮春日的憂鬱 3,谷川流作; 黃任遠譯,臺灣國際角川,96/11,https://encrypted-tbn0.gstatic.com/images?q=tbn:ANd9GcRy00MYy5HRpraoRbg2dOcKGmJdqdxOqvppTA&s,漫畫
243,9789861744827,涼宮春日的憂鬱 2,谷川流作; 黃任遠譯,臺灣國際角川,96/09,https://im2.book.com.tw/image/getImage?i=https://www.books.com.tw/img/001/091/35/0010913559_b_07.jpg&v=61cd8a35k&w=375&h=375,漫畫
244,9789861744360,涼宮春日的憂鬱 1,谷川流作; 黃任道譯,臺灣國際角川,96/08,https://s.eslite.com/upload/product/o/2680277165008/ec210135.jpg,漫畫
245,4710601042670,"水星領航員完全版 1 (首刷附錄版)
",天野こずえ作; 蔡夢芳譯,東立出版社有限公司,109/10,https://s2.eslite.com/unsafe/fit-in/x900/s.eslite.com/upload/product/o/2681926103006/20200926042700069398.jpg,漫畫
246,9789578661066,迷你裙宇宙海賊,笹本祐一作; 李文軒譯,四季國際,107/06,https://encrypted-tbn0.gstatic.com/images?q=tbn:ANd9GcSEywtR_QwysIxCBQP5tgMfcUFW9EfjAA-t5w&s,漫畫
247,9789578661097,迷你裙宇宙海賊,笹本祐一作; 李文軒譯,四季國際,107/06,https://encrypted-tbn0.gstatic.com/images?q=tbn:ANd9GcRvkRm7Rt68zJPmFpDlejuoPrdPQxJShIeOTQ&s,漫畫
248,9786267061183,隱娘= The hidden girl and other stories,劉宇昆著; 歸也光譯,新經典圖文傳播,111/04,https://s.eslite.com/upload/product/o/2682153150009/20220330053635041414.jpg,大書櫃上
249,9789869641425,摺紙動物園,劉宇昆(Ken Liu)著; 張玄竺譯,新經典圖文傳播,107/05,https://im2.book.com.tw/image/getImage?i=https://www.books.com.tw/img/001/078/78/0010787823.jpg&v=5c49a1c5k&w=375&h=375,大書櫃上
250,9789866628023,蘋果核戰,士郎正宗作; 阿亮譯,原動力亞細亞,98/08,https://encrypted-tbn0.gstatic.com/images?q=tbn:ANd9GcT_CaCnCVHnDos7uFlv4tOD1UN7lVBjHKP5Lw&s,漫畫
251,9789867184528,蘋果核戰,士郎正宗作; 阿亮譯,原動力亞細亞,96/08,https://s.eslite.com/upload/product/o/2680271457000/ec163313.jpg,漫畫
252,9789867184511,蘋果核戰,士郎正宗作; 阿亮譯,原動力亞細亞,96/08,https://im2.book.com.tw/image/getImage?i=https://www.books.com.tw/img/001/041/80/0010418017.jpg&v=48f40a1bk&w=375&h=375,漫畫
253,9789867131065,"廢棄公主. 1, 棄貓公主的前奏曲",榊一郎作; 安曇雪伸繪; 常純敏譯,奇幻基地,95/01,https://encrypted-tbn0.gstatic.com/images?q=tbn:ANd9GcR_9KpyLwSCL5skgk6tjGZwvKjCTKSwRXutjw&s,漫畫
254,9789867131904,"廢棄公主. 13, 響徹天際的清唱劇",榊一郎作; 常純敏譯,奇幻基地,96/07,https://encrypted-tbn0.gstatic.com/images?q=tbn:ANd9GcRJUhPGOMez7p8u998WUAUe3d4S35DIv1iOww&s,漫畫
255,9789867131270,"廢棄公主. 3, 獻給異教徒的安魂曲",榊一郎作; 安曇雪伸繪; 常純敏譯,奇幻基地,95/05,https://encrypted-tbn0.gstatic.com/images?q=tbn:ANd9GcRG-qfAxtOdTm1A2bLYuoHzlO41nUpn8zGF0Q&s,漫畫
256,9789572602591,銃夢 1,木城幸人漫畫; 蔡夢芳譯,東立,108/05,https://taiwan.kinokuniya.com/products/9789572602591/image_isbn,漫畫
257,9789572602645,銃夢 2,木城幸人漫畫; 蔡夢芳譯,東立,108/05,https://encrypted-tbn0.gstatic.com/images?q=tbn:ANd9GcR3p-Wg7Gl-I1yWNyOeFJfW-Gur6an4tELV9A&s,漫畫
258,9789572602638,銃夢 3,木城幸人漫畫; 蔡夢芳譯,東立,108/05,https://encrypted-tbn0.gstatic.com/images?q=tbn:ANd9GcRMhjK18P_lLFgBw-sFm7NzPtBTGFhwKS6f9g&s,漫畫
259,9789572602621,銃夢 4,木城幸人漫畫; 蔡夢芳譯,東立,108/05,https://encrypted-tbn0.gstatic.com/images?q=tbn:ANd9GcS0M-WVNqoJcQSBrJJiHzn5fNWz9qJg3On3dw&s,漫畫
260,9789572602614,銃夢 5,木城幸人漫畫; 蔡夢芳譯,東立,108/05,https://encrypted-tbn0.gstatic.com/images?q=tbn:ANd9GcSetfX5bGKMUQzw-_ItFvDmgbBpRS78-eve6w&s,漫畫
261,9789572602607,銃夢 6,木城幸人漫畫; 蔡夢芳譯,東立,108/05,https://encrypted-tbn0.gstatic.com/images?q=tbn:ANd9GcTYBHu6BbXO3YMQ_QcOWc4Jla0E_fYm4YitzA&s,漫畫
262,9789574731770,惑星奇航,幸村誠作; 張哲瑜譯,臺灣東販,90/06,https://encrypted-tbn0.gstatic.com/images?q=tbn:ANd9GcQluYrrK6iNFEWTkbbWhHJOGZRiU73Z8yr-cg&s,漫畫
263,9789574732470,惑星奇航,幸村誠作; 張哲瑜譯,臺灣東販,91/01,https://encrypted-tbn0.gstatic.com/images?q=tbn:ANd9GcQhpAy10I2LMu2lPNga6UW_pm3iDRTU1Qwciw&s,漫畫
264,9789574734610,惑星奇航,幸村誠作; 張哲瑜譯,臺灣東販,92/04,https://encrypted-tbn0.gstatic.com/images?q=tbn:ANd9GcT8JwKLMLkwl_7MeJcRZN5iNf08nfznJhUfRw&s,漫畫
265,9789574736461,惑星奇航,幸村誠作; 張哲瑜譯,臺灣東販,93/04,https://encrypted-tbn0.gstatic.com/images?q=tbn:ANd9GcRo_HwG1G712nSYNgHlOBY6o0YYrN0It2FzNQ&s,漫畫
266,9789577258144,黃金之翼,田中芳樹原著; 劉秀譯,大然,82/08,https://encrypted-tbn0.gstatic.com/images?q=tbn:ANd9GcQvCbmQNvc8BMk5XYZ1F-KYE2fXS8Xi7tWpBA&s,漫畫
267,9789572520666,銀河英雄傳說,田中芳樹作; 鄭明德譯,大然,85/02,https://encrypted-tbn0.gstatic.com/images?q=tbn:ANd9GcSCf8tv9R2FQeShzikyJzG8dMdDPj2Zyq_gYg&s,漫畫
268,9789572520659,銀河英雄傳說,田中芳樹作; 鄭明德譯,大然,85/02,https://encrypted-tbn0.gstatic.com/images?q=tbn:ANd9GcTqFSCnKWH1__iV-mIjLNURRIP8MFMIDnxRpQ&s,漫畫
269,9789572520642,銀河英雄傳說,田中芳樹作; 鄭明德譯,大然,85/02,https://im1.book.com.tw/image/getImage?i=https://www.books.com.tw/img/001/091/01/0010910106.jpg&v=61a0b756k&w=375&h=375,漫畫
270,9789572520635,銀河英雄傳說,田中芳樹作; 鄭明德譯,大然,85/02,https://encrypted-tbn0.gstatic.com/images?q=tbn:ANd9GcR2WnS1-mzXx5Q0XYzaUskX3NkKeF3Vyq_nTg&s,漫畫
271,9789572520628,銀河英雄傳說,田中芳樹作; 鄭明德譯,大然,85/02,https://encrypted-tbn0.gstatic.com/images?q=tbn:ANd9GcSWsPyBKADd4ze1zOqzsjJtQo04rYb9KjPfXg&s,漫畫
272,9789572514191,銀河英雄傳說,田中芳樹作; 葉昭華譯,大然,83/12,https://im2.book.com.tw/image/getImage?i=https://www.books.com.tw/img/001/098/26/0010982653_bc_01.jpg&v=65cf4760k&w=375&h=375,漫畫
273,9789572510629,銀河英雄傳說,田中芳樹作; 葉昭華譯,大然,83/08,https://im1.book.com.tw/image/getImage?i=https://www.books.com.tw/img/001/097/73/0010977382.jpg&v=658421f5k&w=375&h=375,漫畫
274,9789577258137,銀河英雄傳說,道原かつみ著; 劉秀譯,大然,82/08,https://encrypted-tbn0.gstatic.com/images?q=tbn:ANd9GcQYo2nxH8fD08WamU7J-vqjgidPNc01jFGlIg&s,漫畫
275,9789577258120,銀河英雄傳說,道原かつみ著; 劉秀譯,大然,82/08,https://encrypted-tbn0.gstatic.com/images?q=tbn:ANd9GcREvi-ZEqgO6RWcOICB7y1ZeDjugg-jrpN_5g&s,漫畫
276,9789577258113,銀河英雄傳說,道原かつみ著; 劉秀譯,大然,82/08,https://encrypted-tbn0.gstatic.com/images?q=tbn:ANd9GcTZyTQpB2E7ZqnxKsBmKGoSSj72kA-NUE5ABg&s,漫畫
277,9789577258106,銀河英雄傳說,道原かつみ著; 劉秀譯,大然,82/08,https://s.eslite.com/upload/product/o/2682113808001/20211224034915121739.jpg,漫畫
278,4710765210809,"星野之宣時空冒險作品集 2001+5 (全)
",星野之宣著,長鴻出版社股份有限公司,96/01,https://cdn.kingstone.com.tw/book/images/product/20194/2019474185197/2019474185197b.jpg,漫畫
279,9780785156598,Infinity Gauntlet,Jim Starlin,MARVEL ENTERTAINMENT,100/09,https://encrypted-tbn0.gstatic.com/images?q=tbn:ANd9GcTzaxmWhhvbgOpAY_HjL5xTm4FPkBL5JIWN7g&s,漫畫
280,9781595822642,Star Wars: Dark Times 4: Blue Harvest,"Harrison, Mick",Random House Inc,99/11,https://encrypted-tbn0.gstatic.com/images?q=tbn:ANd9GcS5wPkWs8oAqUtmcLA--RoZ8bOyfXKpgdYI7Q&s,漫畫
281,9789862620694,球狀閃電,劉慈欣著,貓頭鷹,101/02,https://s.eslite.com/Upload/Product/201202/o/634645459219988750.jpg,華文科幻
282,9789861206066,三體,劉慈欣著,貓頭鷹,100/03,https://encrypted-tbn0.gstatic.com/images?q=tbn:ANd9GcSzvrx_YIr8xrrk82seep0Eufyva0Z3kTys1g&s,華文科幻
283,9787542729040,帶上她的眼睛: 流浪地球系列,劉慈欣著,崧博出版,108/03,https://encrypted-tbn0.gstatic.com/images?q=tbn:ANd9GcTVx8mh9-eG30RtHTVvcVaoJaawDpxkB85UzQ&s,華文科幻
284,9787544140447,微纪元,劉慈欣著,瀋陽出版,99/05,https://encrypted-tbn0.gstatic.com/images?q=tbn:ANd9GcQT3BtFJH6Yvq9SViKTBN5HUP5EsHJ6WIsfsQ&s,華文科幻
285,9789578557598,秦始皇到臺灣神祕事件,黃海著,天衛文化,83/03,https://encrypted-tbn0.gstatic.com/images?q=tbn:ANd9GcQr59uEuwSUUqTE6dJSD7tpkOGj0o4K8jLR_Q&s,華文科幻
286,9789574443482,黃海童話,黃海著; 貝果插圖,九歌,95/10,https://encrypted-tbn0.gstatic.com/images?q=tbn:ANd9GcQjG-flA7X6y_nXTCwqCQi2tIVsvd1lk4UsGA&s,華文科幻
287,9789570800579,嫦娥城,"黃海著, 張麗雯圖",聯經,78/08,https://encrypted-tbn0.gstatic.com/images?q=tbn:ANd9GcSQrxhEyTJXKhxj86panZbvsWcy2Thq6D5Hkw&s,華文科幻
288,9789573311447,帶往火星的貓,黃海著,皇冠,83/11,https://encrypted-tbn0.gstatic.com/images?q=tbn:ANd9GcQyxDg4OnmzsYRHt93k4Ri9Uk4LcFa9VP9sBg&s,華文科幻
289,9789579318594,航向未來,黃海著,富春文化,82/02,https://encrypted-tbn0.gstatic.com/images?q=tbn:ANd9GcQGnKeeJWmfrmKP4pwpNNe1F1JykoDaD3gY7A&s,華文科幻
290,9789575607098,時間魔術師,黃海著 ; 小青繪圖,九歌,89/09,https://encrypted-tbn0.gstatic.com/images?q=tbn:ANd9GcSTK3ItizmjmD_JkYlYVk0qZJV65wVd2zKyfw&s,華文科幻
291,9789577514561,千年烽火奇幻遊,黃海著,國語日報,93/06,https://cdnec.sanmin.com.tw/product_images/957/957751456.jpg,華文科幻
292,9789579525213,星雲組曲,張系國著,洪範,78/11,https://encrypted-tbn0.gstatic.com/images?q=tbn:ANd9GcTIvbomsQFGnSnSQf6S1D-HeQd84ALBdGN76g&s,華文科幻
293,9789579525435,棋王,張系國著,洪範,79/02,https://encrypted-tbn0.gstatic.com/images?q=tbn:ANd9GcT0LkQ6iLeYmYi3RIjuJ_YXxoe6V7C7Vr9noA&s,華文科幻
294,9789579016032,一羽毛,張系國,知識系統,80/05,https://encrypted-tbn0.gstatic.com/images?q=tbn:ANd9GcTvsTvEjtSkcAYHIyPo2hzdbizA3zAFhCeIfg&s,華文科幻
295,9789579016001,龍城飛將,張系國著,知識系統,78/11,https://encrypted-tbn0.gstatic.com/images?q=tbn:ANd9GcQQc94yK3lU4f4_S9kL_oHwqQU0q2L76TeAyA&s,華文科幻
296,9789579016094,金縷衣,張系國著,知識系統,83/11,https://encrypted-tbn0.gstatic.com/images?q=tbn:ANd9GcTQRhDOhB12B454ZU5--a7tXhP4YFbK-LCJZQ&s,華文科幻
297,9789576741951,玻璃世界: 廿一世紀傳奇,張系國著,洪範,88/04,https://cdnec.sanmin.com.tw/product_images/957/957674195.jpg,華文科幻
298,9789578032620,恨情書,張草著,平裝本,88/10,https://encrypted-tbn0.gstatic.com/images?q=tbn:ANd9GcR-EE_EzLxmpBfRclQHk_NdHcXPfJ_o-diZPA&s,華文科幻
299,9789578031586,燒不死的人,張草作,平裝本,87/01,https://s.eslite.com/upload/product/o/2611169064000/ec80167.jpg,華文科幻
300,9789578031609,活著的死人,張草作,平裝本,87/01,https://encrypted-tbn0.gstatic.com/images?q=tbn:ANd9GcSOMrZH7nfRHCQyvaGsngM7XQKMdA6GvCyTDQ&s,華文科幻
301,9789578031814,四個奇怪的人,張草著,平裝本,87/06,https://s.eslite.com/upload/product/o/2611176518008/ec79357.jpg,華文科幻
302,9789578031944,不能殺的人: 雲空行之四,張草作,平裝本,87/08,https://im2.book.com.tw/image/getImage?i=https://www.books.com.tw/img/001/097/38/0010973861.jpg&v=65534cb5k&w=375&h=375,華文科幻
303,9789578032095,無所不能的人: 雲空行之五,張草著,平裝本,87/09,https://im2.book.com.tw/image/getImage?i=https://www.books.com.tw/img/001/006/92/0010069265.jpg&v=3c8fb78ck&w=375&h=375,華文科幻
304,9789578032644,前生謎,張草著,平裝本,88/10,https://im1.book.com.tw/image/getImage?i=https://www.books.com.tw/img/001/097/73/0010977382.jpg&v=658421f5k&w=375&h=375,華文科幻
305,9789578032637,人頭斬,張草著,平裝本,88/10,https://www.iread.com.tw/ProductFile/T0003400/B000097459/B000097459-B.jpg,華文科幻
306,9789573322245,錯構,葉李華著,皇冠,95/05,https://im2.book.com.tw/image/getImage?i=https://www.books.com.tw/img/001/096/36/0010963637.jpg&v=64b91abak&w=375&h=375,華文科幻
307,9789573322634,同位,葉李華作,皇冠,95/09,https://encrypted-tbn0.gstatic.com/images?q=tbn:ANd9GcSYiLMLBuf-N07qPiaHiIDSkrkHNm88U6i2Hw&s,華文科幻
308,9789573322948,蓋世,葉李華著,皇冠,96/01,https://encrypted-tbn0.gstatic.com/images?q=tbn:ANd9GcTQ_RTZYaihjfaXETycjFJHkCmE4QM_QpCHBQ&s,華文科幻
309,9789573323235,移心,葉李華著,皇冠,96/03,https://encrypted-tbn0.gstatic.com/images?q=tbn:ANd9GcRm8rBI7nIom12oW-dOx4ETRCLyw6znnt_74A&s,華文科幻
310,9789573323501,嵌合,葉李華著,皇冠,96/09,https://encrypted-tbn0.gstatic.com/images?q=tbn:ANd9GcRB1l-jtJi4KDyDp9jwPE-nsN8A2bNTWRFHUQ&s,華文科幻
311,9789573323938,天算,葉李華著,皇冠,97/02,https://encrypted-tbn0.gstatic.com/images?q=tbn:ANd9GcRTwsk8q7iO5Wr--MKU4Wki0X698Hf8lZmzyg&s,華文科幻
312,9789573324249,瀰散,葉李華著,皇冠,97/06,https://www.iread.com.tw/ProductFile/T0000300/B000072486/B000072486-B.jpg,華文科幻
313,9789573324966,乍現,葉李華著,皇冠,97/12,https://cdnec.sanmin.com.tw/product_images/957/957332496.jpg,華文科幻
314,9789573325727,背反,葉李華著,皇冠,98/09,https://encrypted-tbn0.gstatic.com/images?q=tbn:ANd9GcRNcbG74Tp3WqGzKMCRC4ZByx7aa_-aXMQoEQ&s,華文科幻
315,9789573326113,浩淼,葉李華著,皇冠,98/12,https://im2.book.com.tw/image/getImage?i=https://www.books.com.tw/img/001/045/59/0010455911.jpg&v=4b20d2c7k&w=375&h=375,華文科幻
316,9789579016018,時空遊戲,葉李華,知識系統,79/06,https://i2.momoshop.com.tw/1721724025/goodsimg/0013/077/791/13077791_O_m.webp,華文科幻
317,9789573315452,豪賭,倪匡著,皇冠,87/05,https://s.eslite.com/upload/product/o/2611171770005/ec79865.jpg,華文科幻
318,9789867415868,百年一瞬: 倪匡科幻獎作品集. 二,葉李華主編,貓頭鷹,94/12,https://cdnec.sanmin.com.tw/product_images/986/986741586.jpg,華文科幻
319,9789573900894,老貓,倪匡,遠景,79/03,https://encrypted-tbn0.gstatic.com/images?q=tbn:ANd9GcTJ1DSWQSflksJwk2vRql_23msjKRAnD9Du9A&s,華文科幻
320,9789573900702,大廈,倪匡,遠景,79/03,https://encrypted-tbn0.gstatic.com/images?q=tbn:ANd9GcSCL4UDhQoivV-2_AS0_y5DWKU5QYUiG-5sYA&s,華文科幻
321,9789576456831,大廈,倪匡著,風雲時代,84/10,https://im2.book.com.tw/image/getImage?i=https://www.books.com.tw/img/001/099/36/0010993620_bc_01.jpg&v=6684d4c2k&w=375&h=375,華文科幻
322,9789579016018,時空遊戲,葉李華,知識系統,79/06,https://i2.momoshop.com.tw/1721724025/goodsimg/0013/077/791/13077791_O_m.webp,華文科幻
323,9789867415851,上帝競賽: 倪匡科幻獎作品集. 一,葉李華主編,貓頭鷹,94/12,https://encrypted-tbn0.gstatic.com/images?q=tbn:ANd9GcR-vwjclw8brg2CYralg4Tn41VAXYskFN6I1A&s,華文科幻
324,9789861205786,死亡考試: 倪匡科幻獎作品集. 四,葉李華主編,貓頭鷹,100/03,https://encrypted-tbn0.gstatic.com/images?q=tbn:ANd9GcRe4-RPRb1jaL_c5Fm0c6tNITmEPpfwSHCuCA&s,華文科幻
325,9789571326276,老貓,倪匡原著; 黃展鳴漫畫,時報文化,87/08,https://im1.book.com.tw/image/getImage?i=https://www.books.com.tw/img/001/007/05/0010070598.jpg&v=3c61931ak&w=375&h=375,華文科幻
326,9789571319131,天外金球,倪匡原著; 黃展鳴漫畫,時報文化,85/01,https://encrypted-tbn0.gstatic.com/images?q=tbn:ANd9GcTEh3tuxiacgo5Sy8R84KbkNd-F8Oxw6YTubg&s,華文科幻